{
	"class_name" : "PinholeCameraParameters",
	"extrinsic" : 
	[
		-0.0019344837527667971,
		-0.32660231840282933,
		0.94515987186639883,
		0.0,
		-0.99810614949758192,
		-0.057482504960200381,
		-0.02190607127285019,
		0.0,
		0.061484730687553099,
		-0.94341225730716349,
		-0.32587258346611742,
		0.0,
		0.4107675756064485,
		5.253774400543084,
		7.8102369917549499,
		1.0
	],
	"intrinsic" : 
	{
		"height" : 720,
		"intrinsic_matrix" : 
		[
			623.53829072479584,
			0.0,
			0.0,
			0.0,
			623.53829072479584,
			0.0,
			639.5,
			359.5,
			1.0
		],
		"width" : 1280
	},
	"version_major" : 1,
	"version_minor" : 0
}